date,ga_session_id,continent,country,device,browser,mobile_model_name,operating_system,language,traffic_source,traffic_channel,account_id,is_verified,is_unsubscribed,category,name,price,short_description
2021-01-14,2102454485,Americas,United States,desktop,Chrome,Chrome,Windows,,(organic),Organic Search,,,,,,,
2020-12-20,6986698051,Americas,United States,mobile,Chrome,<Other>,Android,,(organic),Organic Search,,,,,,,
2021-01-14,1556430305,Asia,India,tablet,Safari,iPad,iOS,,(organic),Organic Search,,,,,,,
2021-01-06,2097237538,Europe,United Kingdom,desktop,Chrome,Safari,Web,en-us,(referral),Paid Search,,,,,,,
2020-12-30,5298798675,Asia,Thailand,desktop,Safari,Safari,Macintosh,fr,(referral),Paid Search,,,,,,,
2021-01-23,6596261236,Asia,Taiwan,desktop,Chrome,Chrome,Web,en-us,(organic),Organic Search,,,,,,,
2021-01-27,3924024146,Americas,United States,mobile,Chrome,<Other>,Android,en-us,(direct),Direct,,,,,,,
2020-12-08,3585796434,Americas,United States,mobile,Chrome,<Other>,Web,,(direct),Direct,,,,,,,
2021-01-11,1306118141,Americas,United States,desktop,Chrome,ChromeBook,Web,en-us,(organic),Organic Search,649066,1,0,,,,
2021-01-06,547624802,Americas,United States,mobile,Safari,iPhone,iOS,en-us,(organic),Organic Search,,,,,,,
2021-01-24,19494359,Asia,India,desktop,Chrome,Chrome,Windows,en-us,(direct),Direct,,,,,,,
2020-11-24,6822079054,Americas,United States,desktop,Chrome,ChromeBook,Web,en-us,<Other>,Paid Search,,,,,,,
2021-01-04,4296740774,Europe,Switzerland,mobile,Chrome,iPhone,iOS,,(direct),Direct,,,,,,,
2020-11-25,4677053061,Europe,Germany,mobile,<Other>,<Other>,Android,,(direct),Direct,,,,,,,
2020-12-31,3029831960,Asia,India,desktop,Chrome,Chrome,Web,en-us,(organic),Organic Search,,,,,,,
2020-12-06,8572901970,Asia,Japan,desktop,Chrome,Safari,Macintosh,,(organic),Paid Search,,,,,,,
2020-12-07,9090026358,Europe,France,desktop,Chrome,Chrome,Web,en-us,(organic),Organic Search,669466,1,1,,,,
2020-11-17,7660075937,Americas,United States,mobile,Safari,iPhone,Web,en-us,(referral),Paid Search,,,,,,,
2021-01-25,2735310460,Europe,Lithuania,mobile,Chrome,Pixel 4 XL,Android,en-us,(organic),Paid Search,,,,,,,
2020-11-19,527414011,Americas,United States,mobile,<Other>,<Other>,Android,en-us,(referral),Social Search,644199,1,0,,,,
2020-11-11,3207748479,Europe,United Kingdom,desktop,Chrome,Chrome,Web,en-us,(organic),Organic Search,,,,,,,
2021-01-23,1668276282,Americas,United States,desktop,Chrome,Safari,Web,,(organic),Organic Search,,,,,,,
2020-11-02,2931006493,Americas,Canada,desktop,Edge,Edge,Web,en-us,(organic),Organic Search,,,,,,,
2021-01-29,5027551374,Americas,United States,desktop,Chrome,Chrome,Windows,en-us,(organic),Organic Search,,,,,,,
2020-11-22,6442241712,Americas,United States,desktop,Chrome,Safari,Web,en-us,(direct),Direct,,,,,,,
2020-11-19,130384080,Europe,United Kingdom,mobile,Safari,iPhone,iOS,en-ca,<Other>,Organic Search,,,,,,,
2021-01-20,1081539497,Asia,Iraq,desktop,Chrome,Chrome,Web,en-us,(data deleted),Undefined,,,,,,,
2020-11-12,8463157403,Europe,Poland,desktop,Chrome,Chrome,Web,,(referral),Paid Search,,,,,,,
2021-01-17,1700770001,Americas,United States,mobile,Chrome,Pixel 4 XL,Android,zh,(organic),Organic Search,,,,,,,
2021-01-25,2890676320,Europe,Spain,mobile,Safari,iPhone,iOS,en-us,(organic),Paid Search,,,,,,,
2020-11-26,989441611,Asia,India,desktop,Chrome,Chrome,Web,en-us,(referral),Social Search,,,,,,,
2020-11-10,4919275789,Asia,Japan,mobile,Safari,iPhone,Web,,(organic),Organic Search,,,,,,,
2020-11-20,2089643018,Europe,United Kingdom,desktop,Chrome,Safari,Web,en-gb,(referral),Paid Search,,,,,,,
2020-12-05,55787561,Americas,United States,mobile,Chrome,<Other>,Web,en-ca,(organic),Organic Search,657642,0,0,,,,
2020-12-22,5710897111,Europe,Croatia,desktop,Chrome,Safari,Macintosh,en-ca,(direct),Direct,,,,,,,
2020-12-06,3199931861,Americas,United States,mobile,Safari,iPhone,Web,ko,(direct),Direct,,,,,,,
2020-12-18,7248908078,Americas,United States,mobile,Chrome,<Other>,Android,,(organic),Organic Search,,,,,,,
2021-01-24,1114081428,Europe,Denmark,mobile,Safari,iPhone,iOS,en-us,<Other>,Paid Search,,,,,,,
2020-11-11,4673865903,Americas,Canada,mobile,Safari,iPhone,Web,,(organic),Organic Search,,,,,,,
2020-11-01,8878671343,Americas,United States,desktop,Safari,Safari,Web,en-us,(organic),Organic Search,,,,,,,
2020-12-27,8539091983,Asia,India,desktop,Chrome,Safari,Web,en-us,(organic),Organic Search,,,,Outdoor furniture,HAVSTEN,3925.0,"4-seat sofa, in/outdoor, 326x94x90 cm"
2020-12-10,3874980273,Americas,Canada,desktop,Chrome,Safari,Macintosh,ko,(data deleted),Undefined,,,,Outdoor furniture,SJÄLLAND,3102.0,"Table+6 reclining chairs, outdoor, 156x90 cm"
2021-01-01,684060979,Americas,Canada,desktop,Chrome,Safari,Web,en-us,(direct),Direct,,,,,,,
2020-11-08,8357960070,Americas,United States,mobile,Safari,iPhone,Web,en-us,(referral),Social Search,,,,Children's furniture,TROFAST,350.0,"Storage combination, 99x44x56 cm"
2021-01-30,8129470164,Americas,United States,desktop,Chrome,Chrome,Windows,,<Other>,Organic Search,,,,,,,
2021-01-10,8419306704,Americas,United States,desktop,Chrome,Safari,Web,en-us,(organic),Organic Search,,,,,,,
2020-11-30,8772209613,Americas,United States,mobile,Chrome,<Other>,Android,en-gb,(organic),Organic Search,,,,,,,
2020-12-30,5155102949,Americas,Colombia,desktop,Chrome,Chrome,Web,en-gb,(organic),Organic Search,,,,,,,
2020-11-04,2113908467,Americas,United States,mobile,Chrome,<Other>,Web,en-gb,(organic),Paid Search,,,,,,,
2020-12-18,2921883015,Americas,United States,desktop,Chrome,ChromeBook,<Other>,,<Other>,Paid Search,,,,,,,
2020-12-04,6650859943,Americas,Canada,desktop,Chrome,Safari,Web,,<Other>,Organic Search,,,,,,,
2020-11-11,5184141930,Asia,Taiwan,mobile,Safari,iPhone,Web,en-us,<Other>,Paid Search,,,,,,,
2020-12-28,9771236407,Asia,Hong Kong,desktop,Chrome,Safari,Web,en-us,(organic),Organic Search,,,,,,,
2020-12-17,5031011083,Asia,United Arab Emirates,mobile,Chrome,<Other>,Web,,(organic),Organic Search,,,,,,,
2020-11-05,2423207668,Americas,United States,desktop,Firefox,Firefox,Windows,ko,(organic),Organic Search,,,,,,,
2020-12-14,6271402679,Asia,China,mobile,Safari,iPhone,iOS,,(organic),Organic Search,,,,Bar furniture,HENRIKSDAL,395.0,"Bar stool with backrest frame, 74 cm"
2021-01-15,5596746285,Americas,United States,desktop,Edge,Edge,Web,en-gb,(direct),Direct,,,,,,,
2020-11-19,7163647784,Asia,South Korea,mobile,Safari,iPhone,Web,,<Other>,Paid Search,,,,,,,
2021-01-01,6452511351,Asia,India,desktop,Chrome,Safari,Macintosh,,(direct),Direct,,,,,,,
2020-12-15,4489692815,Americas,United States,mobile,<Other>,<Other>,Web,en-gb,<Other>,Organic Search,,,,,,,
2020-12-26,8995590390,Oceania,Australia,desktop,<Other>,<Other>,Web,,(referral),Paid Search,,,,,,,
2020-12-29,5986106638,Americas,United States,mobile,Chrome,<Other>,Android,,(organic),Organic Search,651331,1,1,,,,
2021-01-04,6469550704,Americas,United States,desktop,Chrome,Safari,Web,en-us,(organic),Organic Search,,,,,,,
2020-12-04,5689955559,Asia,Kuwait,mobile,Chrome,iPhone,Web,,<Other>,Paid Search,,,,,,,
2020-11-03,8422637278,Americas,United States,desktop,Chrome,Chrome,Windows,en-us,<Other>,Paid Search,,,,,,,
2020-11-12,4802079591,Asia,Malaysia,desktop,Chrome,Chrome,Windows,en-us,(referral),Paid Search,,,,,,,
2020-11-01,2871785991,Americas,United States,tablet,Safari,iPad,Web,en-us,<Other>,Paid Search,,,,,,,
2020-11-09,8689743043,Asia,India,desktop,Chrome,Chrome,Web,en-us,(organic),Organic Search,,,,,,,
2020-11-26,4858789665,Americas,United States,desktop,Chrome,Chrome,Windows,es-es,(direct),Direct,,,,,,,
2020-12-24,8088360460,Europe,Romania,desktop,Chrome,Chrome,Web,en-us,<Other>,Paid Search,,,,,,,
2021-01-25,4783095564,Americas,United States,desktop,Chrome,Chrome,Web,,<Other>,Organic Search,,,,Chairs,MAMMUT,29.0,Children's stool
2021-01-28,5298359928,Europe,Switzerland,mobile,Chrome,<Other>,Web,es-es,(direct),Direct,,,,,,,
2021-01-08,133528539,Europe,North Macedonia,mobile,Safari,iPhone,Web,,(organic),Paid Search,637566,1,0,,,,
2021-01-06,861771961,Americas,United States,desktop,Chrome,Chrome,Web,en-us,(organic),Organic Search,,,,,,,
2021-01-27,4507597444,Americas,United States,mobile,Chrome,<Other>,Android,,<Other>,Paid Search,,,,,,,
2020-12-27,5763249538,Americas,United States,mobile,<Other>,<Other>,Web,en-us,(referral),Paid Search,,,,,,,
2020-11-27,876840787,Americas,United States,desktop,Safari,Safari,Macintosh,fr,(direct),Direct,662656,1,1,,,,
2021-01-11,1806585667,Americas,United States,mobile,Safari,iPhone,iOS,ko,(organic),Organic Search,,,,,,,
2020-12-16,3842129118,Asia,Taiwan,mobile,Chrome,<Other>,Android,en-us,(referral),Social Search,654582,0,0,,,,
2020-12-06,2601282160,Asia,China,desktop,Chrome,Safari,Web,en-us,<Other>,Paid Search,,,,,,,
2021-01-17,1232223700,Americas,Canada,mobile,Chrome,<Other>,Web,,(organic),Paid Search,,,,,,,
2021-01-27,2830841449,Europe,United Kingdom,desktop,Chrome,Chrome,Windows,es-es,(organic),Organic Search,,,,,,,
2020-12-15,7284040569,Americas,United States,mobile,Safari,iPhone,Web,,(referral),Social Search,,,,Chests of drawers & drawer units,PLATSA,499.0,"Chest of 3 drawers, 80x57x73 cm"
2020-11-16,8941788132,Asia,Taiwan,desktop,Chrome,Safari,Macintosh,en-us,(direct),Direct,,,,,,,
2020-11-06,1018847241,Asia,Indonesia,desktop,Chrome,Safari,Macintosh,,(direct),Direct,665227,1,0,,,,
2021-01-26,2311490600,Americas,United States,mobile,<Other>,<Other>,Web,en-gb,<Other>,Paid Search,,,,,,,
2020-12-03,9506718330,Europe,Spain,desktop,Chrome,ChromeBook,<Other>,en-us,(referral),Paid Search,,,,Children's furniture,TROFAST,5.0,"Lid, 20x28 cm"
2020-11-09,8376803644,Europe,Hungary,mobile,Chrome,<Other>,Web,en-us,(direct),Direct,,,,,,,
2020-11-08,6935688403,Europe,Greece,mobile,Chrome,<Other>,Web,,(direct),Direct,,,,,,,
2020-12-11,9789295293,Europe,Spain,desktop,Chrome,Chrome,Web,en-us,(referral),Paid Search,,,,,,,
2021-01-27,2089721914,Americas,United States,desktop,Safari,Safari,Web,en-us,<Other>,Paid Search,655419,1,0,,,,
2020-12-01,5487683005,Americas,United States,desktop,Chrome,Chrome,Web,en-ca,(organic),Organic Search,,,,,,,
2020-11-10,8888265906,Americas,United States,desktop,Chrome,Chrome,Web,en-gb,(referral),Social Search,,,,,,,
2020-11-15,4576971826,Americas,United States,desktop,Chrome,Safari,Web,,<Other>,Paid Search,,,,,,,
2020-11-21,8022124016,Asia,India,mobile,Chrome,<Other>,Android,,(referral),Social Search,,,,,,,
2020-12-03,2027497985,Asia,Indonesia,desktop,Chrome,Safari,Macintosh,,(direct),Direct,641638,1,0,,,,
2020-11-08,8272411834,Americas,United States,desktop,Chrome,Chrome,Web,en-ca,(organic),Organic Search,,,,,,,
2020-11-19,6569770262,Americas,United States,desktop,Chrome,ChromeBook,Web,en-ca,(direct),Direct,,,,,,,
2020-12-03,3239835375,Europe,France,desktop,Chrome,Safari,Macintosh,,<Other>,Paid Search,,,,,,,
2020-12-15,686478409,Europe,Spain,desktop,Chrome,Safari,Web,en-us,(direct),Direct,,,,,,,
2021-01-14,8538986423,Europe,Sweden,mobile,Chrome,<Other>,Web,,(direct),Direct,,,,,,,
2020-12-27,6686264890,Europe,Denmark,desktop,Chrome,Chrome,Web,en,(direct),Direct,,,,,,,
2021-01-29,6535623334,Americas,United States,mobile,Chrome,<Other>,Android,es-es,(direct),Direct,,,,,,,
2020-12-21,901380247,Asia,Taiwan,desktop,Chrome,ChromeBook,Web,en-us,(direct),Direct,,,,,,,
2020-12-12,6510974248,Asia,Philippines,desktop,Chrome,Chrome,Web,en-us,(organic),Paid Search,,,,,,,
2020-12-09,7060766604,(not set),(not set),desktop,Chrome,Safari,Web,,(referral),Paid Search,,,,,,,
2021-01-05,8868591918,Asia,Bangladesh,desktop,Chrome,Chrome,Web,en-us,<Other>,Paid Search,656727,1,1,Beds,LYCKSELE HÅVET,1645.0,Two-seat sofa-bed
2020-11-26,4094205821,Europe,Greece,desktop,Chrome,Chrome,Web,en-us,(direct),Direct,,,,,,,
2020-12-20,6112762544,Americas,United States,desktop,Chrome,Chrome,Web,,(direct),Direct,,,,,,,
2020-11-08,346131041,Asia,India,mobile,Chrome,<Other>,Web,,(organic),Organic Search,,,,,,,
2020-12-11,6443420355,Europe,Spain,desktop,Edge,Edge,Web,en-us,(direct),Direct,,,,,,,
2020-11-19,5093223629,Americas,United States,desktop,<Other>,<Other>,Web,en,(data deleted),Undefined,,,,,,,
2020-12-07,9502673796,Americas,United States,desktop,Chrome,Chrome,Web,en-gb,(organic),Organic Search,,,,,,,
2021-01-24,5275807501,Asia,India,desktop,Edge,Edge,Windows,,(organic),Organic Search,,,,,,,
2020-11-02,8153227731,Americas,Canada,desktop,Safari,Safari,Macintosh,en-us,<Other>,Organic Search,,,,,,,
2020-12-11,8898538184,Americas,Brazil,desktop,Chrome,Chrome,Web,en-us,(organic),Organic Search,,,,,,,
2021-01-29,759370337,Americas,United States,desktop,Chrome,Chrome,Web,es-es,(direct),Direct,,,,,,,
2020-11-05,6110451269,Americas,United States,mobile,Chrome,<Other>,Web,,(organic),Organic Search,,,,,,,
2020-11-28,6246890177,Asia,India,mobile,Chrome,<Other>,Android,zh,(data deleted),Undefined,,,,,,,
2021-01-29,5801671133,Americas,United States,mobile,Safari,iPhone,Web,de,(organic),Organic Search,,,,,,,
2021-01-27,2875478463,Americas,United States,mobile,Safari,iPhone,iOS,,(data deleted),Undefined,,,,,,,
2021-01-16,6966207115,(not set),(not set),desktop,Edge,Edge,Windows,en-us,(direct),Direct,,,,,,,
2020-12-22,8156151523,Europe,United Kingdom,desktop,Edge,Edge,Web,en-us,(organic),Organic Search,,,,,,,
2020-12-29,675148618,Asia,Japan,desktop,Chrome,Chrome,Web,,(organic),Organic Search,,,,,,,
2021-01-13,5678467531,Americas,Canada,mobile,Chrome,<Other>,Android,en-us,(referral),Paid Search,,,,,,,
2020-11-08,1602432235,Europe,Netherlands,mobile,Safari,iPhone,iOS,,(organic),Organic Search,,,,Sofas & armchairs,SÖDERHAMN,1990.0,2-seat sofa
2021-01-18,5324268414,Asia,India,desktop,Chrome,Chrome,Web,en-us,(organic),Paid Search,,,,,,,
2021-01-12,1944874666,Americas,United States,mobile,Safari,iPhone,iOS,en-us,<Other>,Paid Search,,,,,,,
2020-12-30,6207270394,Asia,India,desktop,Chrome,Chrome,Windows,en-gb,(direct),Direct,654319,1,0,,,,
2020-11-26,8342467071,Americas,United States,desktop,Chrome,Safari,Web,,(organic),Organic Search,,,,,,,
2020-11-24,5605761279,Europe,Poland,desktop,Chrome,Safari,Macintosh,en-us,(direct),Direct,,,,,,,
2021-01-18,7803455512,Asia,India,desktop,Safari,Safari,Web,en-us,<Other>,Paid Search,670769,1,0,,,,
2020-11-19,8018256416,Americas,United States,desktop,Chrome,Safari,Web,en-us,(organic),Paid Search,,,,,,,
2021-01-22,9083501880,Americas,United States,desktop,Chrome,Safari,Macintosh,en-us,(organic),Organic Search,,,,,,,
2021-01-02,7233568499,Americas,United States,desktop,Chrome,Chrome,Windows,fr,<Other>,Organic Search,,,,,,,
2020-11-04,2895067747,Americas,United States,desktop,Chrome,Chrome,Web,en-gb,(direct),Direct,,,,Sofas & armchairs,LIDHULT,6440.0,"Corner sofa, 5-seat"
2020-12-18,771851630,Europe,Netherlands,mobile,Safari,iPhone,Web,,<Other>,Organic Search,,,,,,,
2020-12-09,6184898672,Americas,United States,desktop,Chrome,Safari,Web,en-us,(referral),Paid Search,,,,,,,
2020-12-13,8243697595,Asia,Turkey,desktop,Chrome,Chrome,Web,en-us,(referral),Social Search,,,,,,,
2021-01-24,4308459195,Asia,India,mobile,Android Webview,<Other>,Web,en-us,<Other>,Paid Search,,,,,,,
2021-01-01,324603865,Americas,United States,mobile,Chrome,iPhone,Web,en-us,(direct),Direct,655697,0,0,,,,
2020-12-09,1993645777,Americas,United States,mobile,Chrome,<Other>,Android,,(direct),Direct,,,,,,,
2021-01-13,5033301026,Americas,United States,mobile,Safari,iPhone,iOS,,(referral),Social Search,,,,,,,
2020-12-07,1290429028,Americas,United States,tablet,Chrome,<Other>,Web,,(data deleted),Undefined,669708,0,0,Bookcases & shelving units,BROR,495.0,"Trolley, 85x55 cm"
2020-11-05,6877185780,Asia,Indonesia,mobile,Safari,iPhone,Web,en-ca,(organic),Organic Search,,,,,,,
2020-11-28,2876796380,Americas,United States,desktop,Chrome,Safari,Macintosh,,<Other>,Paid Search,,,,,,,
2020-12-06,7659922198,Asia,China,mobile,Chrome,iPhone,Web,en-gb,(organic),Paid Search,,,,,,,
2021-01-30,668517711,Asia,Malaysia,desktop,Chrome,Safari,Macintosh,en-us,(direct),Direct,,,,,,,
2020-11-26,9179607466,Europe,Germany,mobile,Safari,iPhone,iOS,en-gb,(organic),Organic Search,663269,1,0,,,,
2021-01-26,8049483844,Americas,United States,desktop,Chrome,Safari,Web,en-us,(referral),Paid Search,,,,,,,
2020-12-23,1639839515,Americas,United States,desktop,Chrome,Safari,Web,en-us,(referral),Social Search,,,,,,,
2020-12-10,5693254547,Americas,United States,desktop,Chrome,Chrome,Windows,en-us,(referral),Paid Search,,,,,,,
2020-12-16,8132697948,Americas,United States,mobile,Safari,iPhone,Web,en-us,(organic),Organic Search,,,,Tables & desks,HILVER / LERBERG,435.0,"Table, 140x65 cm"
2021-01-26,9447342516,Asia,India,desktop,Chrome,ChromeBook,<Other>,,<Other>,Paid Search,,,,,,,
2020-12-05,8050372377,Europe,France,desktop,Chrome,Chrome,Web,,(organic),Organic Search,,,,,,,
2020-12-23,1765502254,Americas,United States,mobile,Firefox,<Other>,Android,en-us,(referral),Paid Search,,,,,,,
2020-12-03,3501866810,Asia,Turkey,desktop,Chrome,Chrome,Web,en-us,(data deleted),Undefined,,,,,,,
2020-11-09,4524339164,Americas,United States,desktop,Chrome,Safari,Macintosh,en-ca,(direct),Direct,,,,Chests of drawers & drawer units,SONGESAND,695.0,"Chest of 6 drawers, 161x81 cm"
2021-01-03,9612530703,Americas,Canada,mobile,Safari,iPhone,Web,es-es,(direct),Direct,,,,,,,
2020-11-10,2585727154,Asia,India,mobile,Chrome,iPhone,iOS,zh,(direct),Direct,,,,,,,
2020-12-11,2404908748,Europe,Spain,desktop,Chrome,Safari,Web,fr,(organic),Organic Search,,,,,,,
2020-12-09,6088002046,Asia,Singapore,desktop,Chrome,Safari,Web,en-us,(organic),Organic Search,,,,,,,
2021-01-06,7121700280,Europe,Lithuania,mobile,Safari,iPhone,iOS,en-us,(referral),Paid Search,,,,Tables & desks,SETSKOG,159.0,"Bedside table, 45x35 cm"
2020-12-01,3338962319,Europe,Spain,desktop,Safari,Safari,Web,en,(data deleted),Undefined,,,,,,,
2020-11-18,3303286122,Europe,Poland,desktop,Chrome,Chrome,Web,,(organic),Organic Search,,,,,,,
2021-01-25,1456661713,Europe,United Kingdom,mobile,Chrome,<Other>,Android,,(referral),Social Search,,,,,,,
2021-01-15,3761748269,Africa,Egypt,desktop,Chrome,Safari,Web,,(referral),Social Search,,,,Cabinets & cupboards,EKET,1248.0,"Cabinet combination with feet, 70x35x212 cm"
2020-11-18,9066976175,Americas,United States,desktop,Chrome,Chrome,Web,en-us,<Other>,Paid Search,,,,,,,
2021-01-08,65423133,Europe,Netherlands,mobile,Chrome,<Other>,Web,en-us,(organic),Organic Search,,,,,,,
2020-12-18,4038864711,Americas,Mexico,desktop,Chrome,Safari,Macintosh,,(direct),Direct,,,,Bookcases & shelving units,BROR,375.0,"Shelving unit, 85x55x110 cm"
2020-11-27,6758242062,Americas,United States,desktop,Chrome,Chrome,Web,en-us,(organic),Organic Search,,,,Café furniture,NORRÅKER,395.0,"Table, 74x74 cm"
2020-11-12,535503284,Americas,United States,desktop,Chrome,Chrome,Web,,(direct),Direct,,,,,,,
2021-01-07,720370929,Americas,Canada,desktop,Chrome,Safari,Macintosh,,(referral),Paid Search,,,,,,,
2020-12-13,8552331285,Americas,United States,desktop,Chrome,Safari,Web,en-us,<Other>,Paid Search,,,,,,,
2021-01-27,5301266965,Americas,United States,mobile,Chrome,<Other>,Android,,(organic),Organic Search,,,,,,,
2020-12-11,9305484584,Americas,United States,desktop,Chrome,ChromeBook,Web,en-gb,<Other>,Organic Search,,,,,,,
2020-11-23,4704050758,Europe,Portugal,desktop,Chrome,Chrome,Windows,en-us,(organic),Organic Search,,,,,,,
2020-12-28,2887206146,Americas,United States,mobile,Chrome,<Other>,Web,,(organic),Organic Search,,,,,,,
2021-01-03,5169767571,Europe,Germany,desktop,Chrome,Chrome,Web,en-us,(organic),Organic Search,,,,,,,
2021-01-23,9423977064,Americas,United States,desktop,Firefox,Firefox,Web,en-us,(organic),Organic Search,,,,,,,
2021-01-22,6834346962,Americas,United States,mobile,Safari,iPhone,iOS,,(direct),Direct,,,,,,,
2020-12-30,8598398647,Europe,Switzerland,desktop,Chrome,Chrome,Web,zh,(referral),Social Search,,,,,,,
2021-01-20,5498686717,Asia,India,desktop,Firefox,Safari,Web,en-us,<Other>,Paid Search,,,,,,,
2021-01-15,5496951055,Americas,United States,desktop,Chrome,Chrome,Web,en-us,(direct),Direct,,,,,,,
2021-01-25,4580612276,Americas,United States,mobile,Chrome,<Other>,Android,,<Other>,Paid Search,,,,,,,
2021-01-19,5126717877,Americas,United States,desktop,Chrome,Safari,Web,en-us,(organic),Organic Search,,,,,,,
2020-12-27,7966272583,Europe,Germany,mobile,Chrome,iPhone,iOS,en-us,(organic),Organic Search,,,,,,,
2021-01-06,715886355,Americas,United States,mobile,Safari,iPhone,iOS,,(organic),Organic Search,,,,,,,
2020-11-28,4045572903,Americas,United States,desktop,Chrome,Chrome,Web,,(organic),Organic Search,,,,,,,
2020-12-12,1899122679,Europe,Italy,desktop,Chrome,Chrome,Web,en-us,(organic),Organic Search,637304,1,1,,,,
2020-12-05,1842535287,Europe,Italy,desktop,Chrome,Safari,Web,en-us,(direct),Direct,,,,,,,
2021-01-12,7289321727,Europe,Poland,desktop,Chrome,Safari,Macintosh,en,<Other>,Paid Search,,,,,,,
2020-12-07,2055947659,Americas,United States,mobile,Safari,iPhone,Web,en-us,(data deleted),Undefined,,,,,,,
2020-12-20,5100630547,Americas,United States,desktop,Chrome,ChromeBook,Web,en-us,(organic),Organic Search,,,,,,,
2021-01-30,1661699644,Europe,Ukraine,tablet,Safari,iPad,iOS,en-us,(direct),Direct,,,,,,,
2021-01-28,7379855779,Americas,United States,mobile,Safari,iPhone,Web,en-us,(organic),Organic Search,,,,,,,
2020-12-02,5176183096,Europe,United Kingdom,desktop,Chrome,Chrome,Windows,en-us,(referral),Social Search,,,,Bookcases & shelving units,HEJNE,165.0,"1 section, 78x31x171 cm"
2021-01-12,4499101676,Americas,Canada,desktop,Chrome,Safari,Macintosh,en,(organic),Organic Search,,,,,,,
2020-11-12,3772566069,Europe,Germany,tablet,Chrome,<Other>,Web,en-us,(referral),Paid Search,,,,,,,
2020-11-02,9478718754,Americas,United States,desktop,Chrome,Chrome,Windows,,(organic),Organic Search,,,,,,,
2020-11-16,5019711125,Americas,United States,mobile,Safari,iPhone,Web,,(organic),Organic Search,,,,,,,
2020-11-08,8501562048,Americas,United States,desktop,Safari,Safari,Web,en-us,(direct),Direct,665754,1,0,Bookcases & shelving units,UPPLEVA,145.0,"Wall bracket for TV, fixed, 37-55 """
2020-12-07,4918522837,Americas,United States,desktop,Chrome,Chrome,Windows,,(referral),Paid Search,,,,,,,
2021-01-27,1290329179,Americas,United States,desktop,Chrome,Chrome,Web,ko,(organic),Organic Search,,,,,,,
2020-12-02,2879602875,Asia,India,mobile,Safari,iPhone,iOS,en-ca,(data deleted),Undefined,,,,,,,
2021-01-26,5222444388,Europe,Germany,desktop,Firefox,Firefox,Web,,(direct),Direct,,,,Sofas & armchairs,SÖDERHAMN,1295.0,Corner section
2020-11-11,1390382857,Asia,Vietnam,desktop,Chrome,Chrome,Windows,en-us,(organic),Organic Search,675546,1,0,,,,
2021-01-09,8943658481,Asia,Thailand,mobile,Safari,iPhone,iOS,en-gb,<Other>,Paid Search,,,,,,,
2020-12-06,6877686072,Americas,United States,mobile,Chrome,<Other>,Android,de,(referral),Paid Search,,,,,,,
2020-12-11,9645154819,Europe,Italy,desktop,Chrome,ChromeBook,Web,,(direct),Direct,,,,,,,
2020-12-17,8932503669,Americas,United States,desktop,Chrome,Chrome,Web,,(referral),Paid Search,,,,,,,
2020-12-17,9213294877,Americas,Mexico,mobile,Safari,iPhone,Web,,(referral),Social Search,,,,,,,
2020-12-23,784787337,Asia,Taiwan,desktop,Chrome,ChromeBook,Web,en-us,<Other>,Paid Search,,,,,,,
2020-11-08,6795262588,Americas,United States,desktop,Chrome,Chrome,Web,en-gb,(organic),Organic Search,,,,,,,
2020-12-17,6592065373,Americas,United States,mobile,Chrome,<Other>,Android,en-us,(organic),Organic Search,,,,,,,
2020-11-18,4764175022,Asia,Indonesia,mobile,Chrome,<Other>,Android,en-us,(referral),Social Search,,,,,,,
2021-01-27,1894865110,Americas,United States,desktop,Chrome,Chrome,Windows,,(organic),Organic Search,675440,0,0,,,,
2020-11-25,9672442019,Americas,United States,desktop,Chrome,Safari,Web,en-us,(direct),Direct,647235,1,0,,,,
2021-01-10,3607889075,Europe,Netherlands,desktop,Chrome,Safari,Web,,(organic),Organic Search,,,,,,,
2020-12-27,6781878291,(not set),(not set),desktop,Chrome,Chrome,Web,en-us,(organic),Organic Search,674084,0,0,,,,
2020-11-24,9877835465,Americas,United States,mobile,Safari,iPhone,Web,,(direct),Direct,,,,,,,
2020-12-04,3034223222,Americas,Canada,desktop,Chrome,ChromeBook,Web,,(direct),Direct,,,,,,,
2020-11-08,3642904797,Americas,Canada,desktop,Chrome,Safari,Web,en-us,(direct),Direct,,,,Outdoor furniture,SJÄLLAND,1676.0,"Table+4 chairs w armrests, outdoor, 156x90 cm"
2020-11-24,2752085269,Americas,United States,desktop,Safari,Safari,Web,en-us,(direct),Direct,,,,,,,
2021-01-23,2091306499,Americas,United States,desktop,Chrome,Chrome,Web,en-us,(data deleted),Undefined,,,,,,,
2020-12-16,3634809096,Asia,Malaysia,desktop,Chrome,Safari,Web,,(direct),Direct,,,,Bookcases & shelving units,KOLBJÖRN,570.0,"Shelving unit with cabinet, 80x37x161 cm"
2021-01-12,7351176683,Americas,United States,mobile,Chrome,<Other>,Android,,(organic),Paid Search,,,,,,,
2020-12-14,6453926446,Europe,Czechia,desktop,Firefox,Firefox,Web,en-us,(direct),Direct,,,,,,,
2021-01-23,6253161845,Asia,Philippines,desktop,Chrome,Chrome,Web,,(direct),Direct,,,,,,,
2020-12-12,4174204726,Americas,United States,desktop,Chrome,ChromeBook,Web,en-us,<Other>,Paid Search,,,,,,,
2020-11-29,5630985332,Americas,United States,mobile,Safari,iPhone,iOS,en-us,<Other>,Paid Search,,,,,,,
2021-01-01,3964021716,Asia,Israel,mobile,Chrome,<Other>,Web,,(organic),Paid Search,,,,,,,
2021-01-08,348377349,Americas,United States,mobile,Safari,iPhone,iOS,,(referral),Social Search,,,,,,,
2020-12-08,9737746691,Americas,United States,mobile,Chrome,<Other>,Android,en-gb,(referral),Social Search,,,,,,,
2021-01-20,2989363577,Asia,South Korea,desktop,Chrome,Chrome,Web,,(referral),Paid Search,,,,,,,
2020-12-14,2425706667,Europe,Poland,desktop,Chrome,Chrome,Web,en-us,(organic),Organic Search,,,,Bar furniture,JANINGE,595.0,"Bar stool, 76 cm"
2020-12-01,5555179327,Americas,United States,mobile,Safari,iPhone,Web,es-es,<Other>,Paid Search,,,,,,,
2021-01-27,8618321890,Americas,United States,desktop,Chrome,Chrome,Web,en-us,<Other>,Organic Search,,,,,,,
2021-01-14,7934114574,Europe,United Kingdom,desktop,Chrome,Safari,Macintosh,en,(direct),Direct,,,,,,,
2021-01-08,4341828774,Americas,United States,mobile,Safari,iPhone,iOS,en-us,(referral),Paid Search,664125,1,0,,,,
2020-12-09,7310758268,Americas,United States,desktop,Chrome,Safari,Web,,(organic),Organic Search,,,,,,,
2020-12-26,4495222208,Americas,Brazil,desktop,Edge,Edge,Web,,(direct),Direct,,,,,,,
2021-01-20,1407653714,Americas,United States,desktop,Safari,Safari,Web,,(organic),Organic Search,677620,1,1,,,,
2020-11-19,4939761542,Americas,Canada,desktop,Chrome,Chrome,Web,en-gb,(organic),Organic Search,,,,,,,
2020-11-13,8882276398,Asia,India,desktop,Chrome,Safari,Macintosh,,(direct),Direct,,,,,,,
2021-01-22,1979822583,Asia,India,desktop,Chrome,Chrome,Windows,,(data deleted),Undefined,,,,,,,
2020-12-08,2813802888,Americas,United States,mobile,Chrome,<Other>,Android,en-us,<Other>,Organic Search,,,,,,,
2020-11-17,7940149868,Africa,Nigeria,desktop,Chrome,Chrome,Web,,(organic),Organic Search,,,,,,,
2020-11-26,7919531788,Americas,Canada,desktop,Chrome,Chrome,Web,en,(direct),Direct,644603,1,1,,,,
2021-01-24,8201292864,Americas,United States,mobile,Safari,iPhone,Web,en-us,(data deleted),Undefined,,,,,,,
2020-12-10,6741292060,Americas,United States,desktop,Chrome,Chrome,Web,en-us,(data deleted),Undefined,,,,,,,
2021-01-01,5484009397,Americas,United States,mobile,Safari,iPhone,Web,,(direct),Direct,,,,,,,
2020-11-28,7876811231,Americas,United States,desktop,Chrome,<Other>,Windows,,(organic),Organic Search,,,,,,,
2020-11-17,9381326183,Americas,United States,desktop,Chrome,Chrome,Windows,en-us,(organic),Organic Search,,,,,,,
2020-12-14,8143753297,Europe,Spain,desktop,Chrome,Chrome,Web,,(organic),Organic Search,,,,,,,
2020-12-10,4357370815,Asia,India,desktop,Firefox,Firefox,Windows,,(organic),Organic Search,,,,,,,
2021-01-15,4924856274,Americas,Canada,desktop,Safari,Safari,Web,,(organic),Organic Search,,,,,,,
2020-11-04,4224572784,Americas,United States,mobile,Safari,iPhone,Web,en-us,<Other>,Paid Search,,,,,,,
2021-01-17,3296016516,Americas,United States,desktop,Chrome,Chrome,Web,fr,(direct),Direct,,,,,,,
2020-11-04,7757586582,Europe,Germany,mobile,Chrome,<Other>,Web,,(direct),Direct,,,,,,,
2021-01-26,1342470622,Europe,Luxembourg,mobile,Chrome,<Other>,Android,,(direct),Direct,,,,,,,
2020-12-27,6984701263,Americas,United States,desktop,Chrome,ChromeBook,<Other>,en-us,(direct),Direct,,,,Nursery furniture,STUVA / FRITIDS,675.0,"Wardrobe, 60x50x192 cm"
2021-01-26,5956364758,Asia,Taiwan,desktop,Chrome,Chrome,Web,,(organic),Organic Search,,,,,,,
2020-11-18,6745434263,Americas,United States,mobile,Chrome,<Other>,Android,en-us,(organic),Organic Search,,,,Chairs,MELLTORP / NISSE,297.0,"Table and 2 folding chairs, 75 cm"
2020-11-09,3227152417,Asia,India,desktop,Chrome,Chrome,Web,,(referral),Paid Search,,,,Cabinets & cupboards,ROTHULT,95.0,Smart lock
2020-11-06,1137327534,Americas,Canada,desktop,Chrome,Chrome,Web,en-us,(organic),Organic Search,,,,,,,
2020-11-19,7157510200,Americas,Canada,mobile,Chrome,<Other>,Android,es-es,(organic),Organic Search,,,,,,,
2020-11-21,7400393734,Americas,United States,desktop,Chrome,Chrome,Web,en-us,(referral),Paid Search,641216,1,0,,,,
2020-11-09,3497147391,Americas,Brazil,mobile,Safari,iPhone,iOS,en-us,(direct),Direct,,,,,,,
2020-12-07,8191540792,Americas,United States,mobile,Chrome,<Other>,Web,,(direct),Direct,646944,1,0,,,,
2021-01-28,856992685,Europe,Germany,desktop,Chrome,Chrome,Web,en-us,(referral),Social Search,,,,,,,
2020-11-11,9908364029,Americas,United States,desktop,Safari,Safari,Web,,(direct),Direct,,,,,,,
2020-12-24,7248933156,Asia,Singapore,desktop,Chrome,ChromeBook,<Other>,zh,(direct),Direct,,,,Bookcases & shelving units,BILLY,305.0,"Bookcase, 40x28x237 cm"
2020-12-18,9367154168,Americas,United States,mobile,Safari,iPhone,Web,en-us,(organic),Organic Search,,,,,,,
2020-12-07,1991446885,Americas,United States,mobile,Chrome,<Other>,Web,en-us,(direct),Direct,,,,,,,
2020-12-29,8699596169,Americas,United States,desktop,Chrome,Safari,Macintosh,en-us,<Other>,Paid Search,,,,,,,
2021-01-25,4272635098,Americas,United States,desktop,Chrome,Safari,Web,,(organic),Organic Search,,,,,,,
2021-01-22,7494571764,Americas,United States,mobile,Chrome,<Other>,Android,,(organic),Organic Search,,,,,,,
2020-11-13,147763806,Americas,United States,desktop,Safari,Safari,Web,en-ca,<Other>,Paid Search,,,,Sofas & armchairs,DELAKTIG,3100.0,2-seat sofa with side table
2020-12-21,5174165410,Americas,United States,mobile,Chrome,<Other>,Android,,(referral),Paid Search,,,,,,,
2020-12-03,6883596095,Americas,United States,desktop,Chrome,ChromeBook,<Other>,en,(organic),Organic Search,,,,,,,
2020-12-15,7493461445,Asia,India,mobile,Chrome,<Other>,Web,en-us,(organic),Organic Search,,,,,,,
2021-01-15,8344205482,Asia,India,mobile,Safari,iPhone,iOS,en-us,(direct),Direct,,,,,,,
2021-01-09,5417226141,Europe,Italy,desktop,Chrome,Chrome,Windows,en-us,(referral),Paid Search,,,,,,,
2021-01-03,826051041,Americas,United States,tablet,Android Webview,<Other>,Web,en-ca,(direct),Direct,,,,,,,
2020-12-03,5788713627,Asia,South Korea,desktop,Chrome,Chrome,Web,en-us,<Other>,Paid Search,,,,,,,
2020-12-21,2668232384,Americas,United States,mobile,Chrome,<Other>,Android,en-us,(direct),Direct,,,,,,,
2020-12-29,7972664910,Asia,Malaysia,mobile,Safari,iPhone,iOS,,<Other>,Paid Search,672585,1,0,,,,
2020-11-17,1256262720,Americas,United States,desktop,Chrome,Safari,Macintosh,en-gb,(data deleted),Undefined,,,,,,,
2020-11-12,1074244196,Americas,United States,mobile,Safari,iPhone,iOS,en-us,(referral),Paid Search,,,,,,,
2020-12-31,7741428027,Europe,Poland,desktop,Chrome,Chrome,Web,en-us,<Other>,Paid Search,,,,,,,
2021-01-01,9470946390,Asia,India,mobile,Safari,iPhone,Web,,(direct),Direct,,,,,,,
2021-01-24,3861077951,Americas,United States,mobile,Chrome,<Other>,Web,es-es,<Other>,Paid Search,,,,Beds,NYHAMN,1520.0,Sofa-bed with triple cushion
2020-12-02,455691025,Americas,United States,desktop,Chrome,ChromeBook,<Other>,,(referral),Social Search,,,,,,,
2021-01-11,397626983,Europe,United Kingdom,mobile,<Other>,<Other>,Android,en-us,(organic),Organic Search,,,,,,,
2020-12-01,2980667644,Americas,United States,mobile,Safari,iPhone,iOS,en-us,(referral),Social Search,,,,,,,
2020-12-17,1702397781,Asia,India,desktop,Chrome,Chrome,Web,en-us,<Other>,Organic Search,,,,,,,
2021-01-22,2708639942,Americas,United States,desktop,Chrome,Chrome,Web,,<Other>,Paid Search,,,,,,,
2020-12-30,2269846787,Americas,Mexico,mobile,Chrome,<Other>,Android,,(referral),Paid Search,,,,,,,
2020-11-13,5721980582,Americas,United States,mobile,Chrome,<Other>,Web,en-us,(referral),Paid Search,,,,,,,
2020-12-09,8570220992,Americas,Canada,mobile,Safari,iPhone,iOS,en-us,<Other>,Paid Search,,,,,,,
2020-11-14,6809849612,Asia,India,desktop,Chrome,Chrome,Web,en-us,<Other>,Paid Search,,,,,,,
2020-12-10,1000886770,Americas,United States,mobile,<Other>,<Other>,Android,en-us,(organic),Organic Search,653513,1,1,,,,
2020-11-13,5960781046,Asia,India,mobile,Safari,iPhone,Web,,<Other>,Paid Search,,,,,,,
2021-01-08,2420993715,Europe,United Kingdom,mobile,Safari,iPhone,iOS,en-us,(direct),Direct,,,,Chairs,NORDEN / RÅSKOG,1067.0,"Table and 2 stools, 89/152 cm"
2021-01-21,5260380396,Americas,United States,desktop,Chrome,Chrome,Windows,en,(organic),Organic Search,,,,,,,
2020-11-15,9824491916,Americas,United States,mobile,Chrome,<Other>,Web,en-us,<Other>,Paid Search,,,,,,,
2020-11-18,3344216526,Africa,(not set),desktop,Chrome,Chrome,Web,en,(direct),Direct,,,,,,,
2020-12-11,6697481390,Europe,Netherlands,desktop,Chrome,Safari,Web,en-us,(organic),Organic Search,,,,,,,
2021-01-30,6953006822,Europe,Belgium,desktop,Chrome,Safari,Web,,<Other>,Paid Search,,,,,,,
2020-12-10,4573608797,Americas,United States,desktop,Chrome,Chrome,Windows,en,(organic),Organic Search,,,,,,,
2020-11-26,3218452268,Americas,Ecuador,desktop,Chrome,Chrome,Web,en,(direct),Direct,,,,Chests of drawers & drawer units,ASKVOLL,345.0,"Chest of 5 drawers, 45x109 cm"
2020-12-18,1551509405,Asia,India,mobile,Safari,iPhone,Web,en-us,(referral),Social Search,,,,,,,
2020-11-01,6673062326,Americas,United States,desktop,Chrome,Chrome,Web,en-us,<Other>,Paid Search,,,,,,,
2020-12-07,503313666,Asia,India,desktop,Chrome,ChromeBook,Web,en-us,(direct),Direct,,,,,,,
2020-12-08,8457228762,Americas,United States,desktop,Safari,Safari,Web,en-us,(referral),Paid Search,,,,,,,
2020-12-14,9164498433,Americas,United States,mobile,Chrome,<Other>,Android,en-us,(organic),Organic Search,,,,,,,
2020-11-27,1309489830,Americas,United States,mobile,<Other>,<Other>,Android,en-us,(referral),Paid Search,,,,,,,
2021-01-13,8212029202,Europe,Czechia,mobile,Safari,iPhone,iOS,en,(organic),Organic Search,,,,,,,
2020-11-13,6256986295,Americas,Canada,mobile,Chrome,<Other>,Web,,(organic),Organic Search,,,,,,,
2021-01-07,1030714688,Europe,United Kingdom,desktop,Chrome,Chrome,Web,en-us,<Other>,Paid Search,648336,1,0,,,,
2020-12-26,390480091,Americas,United States,desktop,Firefox,Firefox,Web,en-gb,(data deleted),Undefined,,,,,,,
2020-12-31,5850191396,Europe,United Kingdom,mobile,Safari,iPhone,Web,en-us,(organic),Paid Search,,,,,,,
2021-01-07,2776605522,Asia,India,mobile,Chrome,<Other>,Web,en-us,(direct),Direct,,,,,,,
2020-12-21,667691266,Americas,Canada,mobile,Chrome,<Other>,Android,,(direct),Direct,,,,Sofas & armchairs,VIMLE,2310.0,"Cover for corner sofa-bed, 5-seat"
2020-12-16,4645796932,Americas,Canada,desktop,Chrome,Chrome,Web,,(direct),Direct,,,,,,,
2020-11-27,6991517100,Asia,India,mobile,Chrome,<Other>,Android,en-us,(organic),Organic Search,,,,,,,
2021-01-09,4081152841,Americas,United States,mobile,Chrome,<Other>,Web,en-us,(organic),Organic Search,,,,,,,
2020-11-05,996914482,Europe,Czechia,mobile,Chrome,iPhone,Web,,(referral),Social Search,,,,,,,
2020-11-08,5254502921,Asia,India,desktop,Chrome,Safari,Macintosh,en-us,(organic),Organic Search,,,,Sofas & armchairs,GRÖNLID,170.0,Cover for corner section
2021-01-30,2342250063,Americas,United States,desktop,Chrome,Safari,Web,,<Other>,Paid Search,,,,,,,
2021-01-18,6695807158,Asia,Taiwan,mobile,Safari,iPhone,iOS,,(referral),Paid Search,,,,,,,
2020-12-09,5932034990,Americas,United States,desktop,Chrome,ChromeBook,Web,en-us,(organic),Organic Search,,,,,,,
2021-01-19,8032993179,Europe,Italy,desktop,Chrome,Chrome,Web,zh,(data deleted),Paid Search,,,,,,,
2021-01-06,4753673608,Americas,United States,mobile,Chrome,<Other>,Android,,(direct),Direct,,,,,,,
2020-12-11,6650122708,Americas,United States,mobile,Safari,iPhone,Web,es-es,(direct),Direct,,,,,,,
2020-12-01,4092842658,Americas,United States,desktop,Chrome,Safari,Macintosh,,(direct),Direct,,,,,,,
2020-11-24,5778319151,Americas,United States,desktop,Chrome,Chrome,Web,zh,(organic),Paid Search,681241,1,0,,,,
2021-01-25,606702754,Asia,South Korea,desktop,Safari,Safari,Macintosh,,<Other>,Paid Search,,,,,,,
2021-01-29,1757427956,Americas,Chile,desktop,Chrome,Chrome,Web,en-us,(referral),Social Search,,,,,,,
2021-01-09,7019742833,Americas,United States,desktop,Chrome,Safari,Macintosh,en-us,(organic),Organic Search,,,,,,,
2021-01-03,4261420777,Asia,India,mobile,Chrome,<Other>,Web,zh,(direct),Direct,,,,,,,
2021-01-21,5403708238,Africa,(not set),mobile,Safari,iPhone,iOS,en-us,(organic),Organic Search,,,,,,,
2020-12-14,7878524433,Americas,Canada,desktop,Chrome,Safari,Web,,(direct),Direct,,,,Children's furniture,MAMMUT,129.0,"Children's table, 77x55 cm"
2020-12-17,7343185481,Americas,United States,mobile,Safari,iPhone,Web,en-us,<Other>,Paid Search,,,,,,,
2020-12-01,7582387946,Americas,United States,desktop,Chrome,ChromeBook,Web,,(data deleted),Undefined,,,,,,,
2020-12-04,6465963707,Americas,United States,desktop,Chrome,Chrome,Web,en-us,(organic),Organic Search,,,,,,,
2020-11-01,1945618281,Europe,Germany,desktop,Chrome,Safari,Web,en-us,(referral),Paid Search,,,,,,,
2021-01-29,51993096,Europe,Slovakia,mobile,Chrome,iPhone,Web,en-us,(direct),Direct,,,,,,,
2020-11-21,607862497,Americas,Canada,desktop,Chrome,Chrome,Windows,en-us,(direct),Direct,,,,,,,
2020-11-16,6451269146,Asia,India,desktop,Chrome,Safari,Web,zh,<Other>,Paid Search,,,,,,,
2020-12-03,7595297520,Americas,United States,desktop,Safari,Safari,Macintosh,,(referral),Social Search,,,,,,,
2021-01-07,407722820,Americas,Colombia,mobile,Chrome,<Other>,Web,en-us,(organic),Organic Search,,,,,,,
2021-01-06,5485488475,Americas,United States,mobile,Safari,iPhone,Web,ko,(organic),Organic Search,,,,,,,
2021-01-08,1876683793,Europe,Sweden,desktop,Chrome,Chrome,Web,en-us,<Other>,Paid Search,638323,1,0,,,,
2020-12-28,1638883849,Asia,Sri Lanka,desktop,Safari,Safari,Macintosh,,(organic),Organic Search,,,,,,,
2020-12-28,2802667247,Europe,France,desktop,Chrome,Chrome,Web,en-us,(referral),Paid Search,,,,,,,
2020-12-15,2192952052,Europe,Netherlands,mobile,Safari,iPhone,iOS,,(organic),Organic Search,,,,,,,
2020-12-03,1349157620,Americas,Canada,desktop,Chrome,Safari,Macintosh,,(organic),Organic Search,,,,,,,
2020-12-21,6014544192,Europe,Spain,mobile,Safari,iPhone,iOS,en-us,(referral),Paid Search,,,,Sofas & armchairs,VIMLE,775.0,Footstool with storage
2021-01-27,5825223557,Asia,India,tablet,Chrome,<Other>,Android,,(direct),Direct,,,,,,,
2020-12-17,2273832687,Americas,United States,desktop,Chrome,Chrome,Web,en-us,(direct),Direct,,,,,,,
2020-12-07,1237312501,Asia,Singapore,desktop,Chrome,Safari,Web,,(direct),Direct,,,,,,,
2021-01-24,8641450565,Americas,United States,desktop,Chrome,Chrome,Web,en-gb,<Other>,Paid Search,,,,,,,
2020-11-26,9039120158,Europe,Ireland,desktop,Chrome,Chrome,Web,en-us,(organic),Organic Search,,,,,,,
2020-11-15,8691086564,Americas,Canada,mobile,Safari,iPhone,Web,en-gb,(data deleted),Undefined,,,,,,,
2020-12-23,5485619531,Asia,India,desktop,Chrome,Safari,Macintosh,en-us,(organic),Organic Search,657608,1,0,,,,
2020-12-10,6579759324,Americas,Canada,mobile,Safari,iPhone,Web,,(direct),Direct,,,,,,,
2021-01-13,9582991962,Asia,Indonesia,desktop,Chrome,Safari,Web,zh,<Other>,Organic Search,,,,,,,
2021-01-08,8249098990,Americas,United States,mobile,Safari,iPhone,Web,en-us,<Other>,Paid Search,,,,Chairs,INGATORP / INGOLF,2725.0,"Table and 4 chairs, 110/155 cm"
2021-01-19,2554093179,Americas,United States,desktop,Chrome,Safari,Macintosh,,(organic),Organic Search,,,,,,,
2020-11-11,463277806,Europe,United Kingdom,desktop,Chrome,Chrome,Windows,,(direct),Direct,,,,,,,
2021-01-23,5086335482,Europe,United Kingdom,mobile,<Other>,<Other>,Web,en-us,(organic),Organic Search,,,,,,,
2021-01-26,1526177195,Asia,India,desktop,Chrome,Chrome,Web,,(direct),Direct,,,,,,,
2020-12-16,7429553556,Europe,Denmark,mobile,Safari,iPhone,iOS,,(organic),Organic Search,,,,,,,
2020-11-30,1631981288,Americas,United States,desktop,Chrome,Safari,Macintosh,en-us,(data deleted),Undefined,,,,,,,
2020-12-13,5601368112,Asia,South Korea,desktop,Safari,Safari,Web,en-us,(organic),Organic Search,,,,,,,
2020-11-03,9211470884,Asia,India,desktop,Chrome,Safari,Macintosh,en-us,(referral),Social Search,,,,,,,
2021-01-26,4931643380,Americas,United States,desktop,Chrome,Safari,Web,en-us,(direct),Direct,,,,,,,
2020-12-16,6033838038,Americas,United States,desktop,Firefox,Safari,Macintosh,zh,(organic),Organic Search,,,,,,,
2021-01-07,140488120,Americas,United States,mobile,Chrome,<Other>,Web,en-ca,<Other>,Paid Search,,,,,,,
2021-01-13,6508109399,Europe,Spain,mobile,Chrome,<Other>,Web,en-gb,(data deleted),Undefined,,,,,,,
2020-12-14,8142530892,Europe,United Kingdom,desktop,Chrome,Chrome,Windows,en,(direct),Direct,,,,,,,
2020-12-29,7091748704,Asia,Malaysia,desktop,Chrome,Chrome,Windows,en-us,(organic),Organic Search,647248,1,0,,,,
2021-01-14,6268526551,Americas,United States,mobile,Chrome,<Other>,Android,en-us,(referral),Paid Search,,,,,,,
2020-11-07,5703291417,Americas,United States,desktop,Chrome,Chrome,Web,,(data deleted),Undefined,,,,,,,
2020-11-03,6442120108,Americas,United States,mobile,Safari,iPhone,iOS,en-us,(organic),Organic Search,,,,Cabinets & cupboards,HÄLLAN,700.0,"Storage combination with doors, 45x47x167 cm"
2021-01-07,4420707822,Americas,United States,mobile,Chrome,iPhone,iOS,en-us,(direct),Direct,,,,,,,
2021-01-19,3582515494,Americas,Canada,mobile,Safari,iPhone,iOS,en,(direct),Direct,,,,,,,
2021-01-30,9851771949,Americas,United States,desktop,Chrome,Safari,Macintosh,en-us,<Other>,Organic Search,,,,,,,
2021-01-12,480484302,Americas,United States,mobile,Chrome,<Other>,Web,,(direct),Direct,,,,,,,
2020-12-01,2526604537,Americas,United States,desktop,Chrome,Chrome,Web,en,(organic),Organic Search,681309,1,0,Beds,SONGESAND,570.0,"Bed frame with 2 storage boxes, 140x200 cm"
2020-11-18,1162023850,Americas,United States,desktop,Chrome,Chrome,Web,en-us,<Other>,Paid Search,,,,,,,
2021-01-15,9314242624,Americas,United States,mobile,Chrome,<Other>,Android,en-ca,(organic),Organic Search,,,,Beds,VIMLE,2945.0,2-seat sofa-bed section
2020-11-09,2861308967,Americas,United States,desktop,Chrome,Chrome,Web,en-us,(organic),Organic Search,,,,,,,
2020-11-18,5869942349,Americas,Jamaica,desktop,Chrome,Chrome,Windows,en-us,(referral),Paid Search,,,,,,,
2020-11-15,9926287667,Americas,Canada,mobile,Safari,iPhone,iOS,,(organic),Organic Search,,,,,,,
2020-11-25,3626990488,Americas,United States,desktop,Safari,Safari,Macintosh,en-us,<Other>,Paid Search,,,,,,,
2020-12-07,4800670008,Asia,India,desktop,Chrome,ChromeBook,<Other>,en-us,(organic),Organic Search,,,,,,,
2020-12-12,8667300576,Americas,Canada,mobile,Chrome,<Other>,Android,en-us,(referral),Paid Search,,,,,,,
2021-01-14,1198165575,Americas,United States,mobile,Chrome,iPhone,iOS,en-us,(referral),Social Search,,,,,,,
2020-12-29,5041882975,Americas,United States,desktop,Chrome,Chrome,Web,en-us,(referral),Paid Search,,,,,,,
2021-01-21,3875855789,Asia,South Korea,mobile,Safari,iPhone,iOS,,<Other>,Paid Search,637082,1,1,Bookcases & shelving units,KALLAX,755.0,"Desk combination, 147x147x159 cm"
2020-11-17,2092225573,Americas,United States,desktop,<Other>,<Other>,Web,,(direct),Direct,,,,,,,
2021-01-16,4137294982,Americas,United States,desktop,Chrome,Chrome,Web,,(organic),Organic Search,679277,0,0,,,,
2020-12-08,806709150,Asia,India,desktop,Chrome,Chrome,Windows,en-us,<Other>,Paid Search,,,,,,,
2020-12-26,2936434419,Americas,Peru,desktop,Chrome,Safari,Web,en-us,(organic),Organic Search,,,,,,,
2020-11-08,2322749626,Europe,Spain,desktop,Chrome,Chrome,Web,,(organic),Organic Search,,,,,,,
2021-01-04,1239250215,Europe,France,mobile,Safari,iPhone,iOS,fr,<Other>,Organic Search,,,,,,,
2021-01-06,4386552776,Europe,France,desktop,Chrome,Chrome,Windows,en-ca,(referral),Paid Search,,,,,,,
2020-12-02,3749234365,Asia,India,desktop,Chrome,Chrome,Web,en-us,(direct),Direct,,,,,,,
2020-12-25,1413874610,Americas,Canada,desktop,Chrome,ChromeBook,Web,es-es,(organic),Organic Search,,,,Cabinets & cupboards,BESTÅ,1570.0,"Storage combination w glass doors, 120x40x128 cm"
2020-11-12,2791951371,Asia,India,desktop,Chrome,Safari,Web,en-us,(referral),Paid Search,,,,,,,
2021-01-17,2239791096,Asia,India,desktop,Chrome,Chrome,Web,,(organic),Organic Search,,,,,,,
2021-01-11,9711180433,Americas,United States,mobile,Chrome,<Other>,Android,en-ca,(direct),Direct,,,,,,,
2020-12-27,5619348881,Americas,United States,desktop,Edge,Edge,Web,fr,<Other>,Paid Search,,,,,,,
2021-01-05,8498940327,Americas,United States,desktop,Chrome,Safari,Web,en-us,(organic),Organic Search,,,,,,,
2020-12-16,6991502156,Americas,United States,desktop,Safari,Safari,Macintosh,en-gb,(referral),Social Search,,,,,,,
2021-01-22,5720694463,Americas,United States,mobile,Chrome,<Other>,Android,en-us,(organic),Organic Search,,,,,,,
2020-12-01,9671017651,Africa,Egypt,desktop,Chrome,Chrome,Windows,,(referral),Paid Search,,,,,,,
2021-01-29,8781041946,Americas,United States,desktop,Edge,Edge,Web,,(direct),Direct,,,,,,,
2020-12-13,5794920635,Americas,United States,desktop,Chrome,Chrome,Web,fr,(direct),Direct,,,,,,,
2020-12-03,9385232347,Asia,Singapore,desktop,Chrome,Safari,Web,en-us,<Other>,Paid Search,,,,,,,
2020-11-03,4953147486,Americas,Canada,desktop,Chrome,Chrome,Windows,,<Other>,Paid Search,,,,,,,
2020-12-03,6508802540,Europe,Germany,desktop,Firefox,Safari,Web,,(direct),Direct,,,,Outdoor furniture,FALHOLMEN,415.0,"Table, outdoor, 153x73 cm"
2021-01-29,929931576,Asia,India,desktop,Chrome,Safari,Web,,(data deleted),Undefined,,,,,,,
2020-12-21,1265297685,Europe,Spain,mobile,Chrome,<Other>,Android,,(referral),Paid Search,,,,,,,
2021-01-22,9657743952,Americas,United States,desktop,Chrome,Chrome,Windows,,(direct),Direct,,,,,,,
2020-11-12,7936281439,Americas,United States,desktop,Chrome,Chrome,Web,en-us,(direct),Direct,,,,,,,
2020-12-24,9586187840,Asia,Taiwan,desktop,Chrome,Chrome,Web,en-us,<Other>,Paid Search,,,,,,,
2020-12-01,3324701571,Americas,United States,mobile,Chrome,iPhone,iOS,en-us,<Other>,Organic Search,,,,,,,
2021-01-17,422605663,Europe,United Kingdom,desktop,Chrome,Chrome,Web,en-us,(organic),Organic Search,,,,,,,
2020-12-31,1934421990,Americas,United States,mobile,Chrome,<Other>,Web,en-us,(direct),Direct,,,,,,,
2020-11-25,5874775044,Europe,United Kingdom,desktop,Chrome,Chrome,Web,,(organic),Paid Search,,,,,,,
2020-12-15,8422317699,Asia,Singapore,desktop,Chrome,Safari,Web,en-gb,(organic),Organic Search,,,,,,,
2021-01-27,9408171730,Americas,United States,desktop,Chrome,ChromeBook,Web,zh,(organic),Organic Search,,,,,,,
2020-12-10,4354566778,Africa,Kenya,desktop,Chrome,<Other>,Windows,en-gb,(data deleted),Undefined,,,,,,,
2020-12-10,2617330145,Americas,Canada,mobile,Chrome,<Other>,Android,en-us,(data deleted),Undefined,,,,,,,
2020-11-16,8107494635,Americas,United States,desktop,Chrome,ChromeBook,<Other>,en-us,(direct),Direct,,,,,,,
2020-12-03,7872578171,Asia,India,desktop,Chrome,Chrome,Web,,(organic),Organic Search,,,,,,,
2020-11-27,1717359607,Americas,United States,desktop,Chrome,Safari,Macintosh,en,(direct),Direct,,,,,,,
2020-12-25,5211579244,Europe,France,desktop,Chrome,Chrome,Web,en-us,(organic),Organic Search,,,,,,,
2020-12-01,8442167871,Asia,India,desktop,Chrome,Chrome,Web,,(data deleted),Undefined,,,,Chairs,FÖRSIKTIG,15.0,Children's stool
2021-01-28,4242339974,Americas,United States,mobile,Safari,iPhone,Web,en-us,(organic),Organic Search,,,,,,,
2020-11-24,5893348761,Americas,United States,desktop,Chrome,Chrome,<Other>,en-us,(data deleted),Undefined,664645,1,0,,,,
2020-11-23,6407052581,Americas,United States,mobile,Chrome,<Other>,Android,,(direct),Direct,,,,,,,
2020-12-18,5728349621,Asia,South Korea,desktop,Chrome,ChromeBook,<Other>,zh,<Other>,Paid Search,,,,,,,
2021-01-24,419149844,Europe,France,desktop,Chrome,Chrome,Windows,,(organic),Organic Search,,,,,,,
2021-01-18,9016438617,Americas,United States,mobile,Android Webview,<Other>,Web,,(referral),Paid Search,,,,,,,
2020-11-09,490382228,Asia,Indonesia,desktop,Chrome,ChromeBook,<Other>,,(referral),Paid Search,,,,,,,
2020-11-04,2629063750,Asia,China,desktop,Chrome,Chrome,Windows,es-es,(direct),Direct,,,,,,,
2020-12-15,2798955734,Europe,Ukraine,mobile,Safari,iPhone,Web,en-us,<Other>,Paid Search,,,,,,,
2020-12-17,2753106531,Asia,Taiwan,mobile,Chrome,iPhone,Web,en-us,(direct),Direct,,,,Bookcases & shelving units,FINNBY,149.0,"Bookcase, 60x180 cm"
2020-12-04,4676167125,Americas,United States,desktop,Chrome,Chrome,Web,en-us,(direct),Direct,,,,,,,
2020-12-31,6311739724,Americas,United States,mobile,Chrome,<Other>,Web,,(organic),Organic Search,,,,,,,
2020-11-28,7751846022,Europe,Austria,desktop,Chrome,Chrome,Web,,(referral),Social Search,,,,,,,
2021-01-28,2703300084,Americas,Mexico,mobile,Safari,iPhone,iOS,,(referral),Social Search,,,,,,,
2020-12-28,1145273767,Asia,Cyprus,desktop,Chrome,Chrome,Windows,en-us,(direct),Direct,,,,,,,
2021-01-30,6100299158,Americas,Peru,desktop,Chrome,Chrome,Windows,,(direct),Direct,,,,,,,
2021-01-28,8595559610,Americas,United States,mobile,Safari,iPhone,iOS,en-us,(referral),Social Search,,,,,,,
2020-11-18,3322694730,Asia,India,desktop,Chrome,Chrome,Web,,(organic),Organic Search,,,,,,,
2021-01-23,5619434157,Africa,Nigeria,desktop,Chrome,Chrome,Web,,(direct),Direct,,,,Tables & desks,HOL,395.0,"Storage table, 98x50 cm"
2021-01-13,2370422193,Asia,India,desktop,Safari,Safari,Macintosh,en-us,(organic),Paid Search,,,,,,,
2020-12-15,1501202220,Asia,India,mobile,Safari,iPhone,iOS,,(data deleted),Undefined,,,,,,,
2021-01-27,3847258943,Asia,India,desktop,Chrome,Chrome,Web,,<Other>,Paid Search,,,,,,,
2020-12-09,4771267405,Americas,United States,desktop,Chrome,Safari,Web,en-us,<Other>,Paid Search,,,,Chairs,MAMMUT,29.0,Children's stool
2021-01-15,6473872963,Americas,Brazil,desktop,Chrome,Safari,Macintosh,en-us,(organic),Organic Search,,,,,,,
2020-11-18,4300345705,Americas,United States,mobile,Chrome,<Other>,Web,es-es,(direct),Direct,,,,Beds,SVÄRTA,300.0,Desk top
2020-11-20,5372422694,Asia,Indonesia,desktop,Chrome,ChromeBook,Web,,(direct),Direct,,,,,,,
2020-12-08,4954473745,Asia,Japan,desktop,Chrome,Chrome,Web,en-us,<Other>,Paid Search,,,,,,,
2021-01-30,2852127454,Oceania,New Zealand,mobile,Chrome,<Other>,Web,,(data deleted),Undefined,,,,,,,
2020-11-16,5408914371,Asia,India,desktop,Chrome,Chrome,Web,,(direct),Direct,,,,,,,
2021-01-17,316327114,Americas,United States,mobile,Safari,iPhone,iOS,,<Other>,Organic Search,,,,Sofas & armchairs,EKTORP,100.0,Footstool cover
2021-01-13,4373580217,Americas,United States,mobile,Safari,iPhone,Web,,(organic),Organic Search,,,,,,,
2021-01-22,753737980,Asia,India,mobile,Chrome,Pixel 3,Android,en-us,<Other>,Paid Search,,,,,,,
2020-12-18,1645857153,Europe,Croatia,mobile,Chrome,iPhone,iOS,en-us,(organic),Organic Search,,,,,,,
2020-12-27,7110140010,Americas,United States,desktop,Chrome,Chrome,Windows,en-us,(direct),Direct,,,,,,,
2020-12-13,7249216221,Americas,United States,desktop,Chrome,Chrome,Web,,(direct),Direct,,,,,,,
2020-11-05,1040846235,Americas,United States,mobile,Chrome,<Other>,Web,en-us,(referral),Paid Search,,,,,,,
2021-01-27,1878075091,Americas,Colombia,mobile,Chrome,iPhone,iOS,en-us,<Other>,Paid Search,,,,,,,
2020-11-19,6379340645,Americas,Mexico,desktop,Chrome,Chrome,Web,en-us,(direct),Direct,,,,Sofas & armchairs,GRÖNLID,665.0,Cover for 3-seat sofa-bed
2021-01-04,4012767490,Americas,United States,desktop,Chrome,Chrome,Web,en-us,(direct),Direct,,,,,,,
2021-01-12,7781137325,Europe,France,desktop,Chrome,Chrome,Web,en-gb,(organic),Organic Search,,,,Beds,MALM,1595.0,"Ottoman bed, 160x200 cm"
2021-01-01,6342418556,Americas,Peru,desktop,Chrome,Chrome,Windows,,(data deleted),Undefined,,,,,,,
2020-11-02,6105444448,Asia,Taiwan,mobile,Safari,iPhone,iOS,en,(organic),Organic Search,,,,,,,
2021-01-29,5003137436,Asia,Turkey,mobile,Safari,iPhone,iOS,en-us,(organic),Paid Search,,,,,,,
2021-01-10,7461388546,Europe,Spain,desktop,Chrome,Safari,Macintosh,en-us,(organic),Organic Search,,,,,,,
2020-11-11,3163146064,Europe,Sweden,mobile,Chrome,<Other>,Web,,(organic),Organic Search,,,,,,,
2020-12-08,2771341305,Europe,United Kingdom,desktop,Chrome,Chrome,Web,en-us,(referral),Social Search,,,,,,,
2020-12-01,7071561571,Africa,(not set),desktop,Edge,Edge,Web,en-us,(organic),Organic Search,,,,,,,
2020-12-21,5374118331,Asia,China,mobile,Chrome,<Other>,Android,,(organic),Organic Search,,,,,,,
2021-01-13,7305529756,Asia,China,desktop,Chrome,Safari,Web,en-us,<Other>,Paid Search,,,,,,,
2020-11-05,5016606743,Americas,United States,mobile,Chrome,<Other>,Android,en-gb,(organic),Organic Search,,,,,,,
2021-01-13,2340213631,Europe,Ukraine,desktop,Chrome,Chrome,Web,en-us,(data deleted),Undefined,673451,1,0,Cabinets & cupboards,HAVSTA,1900.0,"Storage combination w glass-doors, 162x37x134 cm"
2020-11-25,1976034169,Asia,India,mobile,Safari,iPhone,iOS,zh,(data deleted),Undefined,637785,1,0,,,,
2020-12-23,3464568512,Europe,Germany,mobile,Safari,iPhone,iOS,en-us,(direct),Direct,,,,,,,
2021-01-26,9324539221,Asia,India,tablet,Safari,iPad,iOS,en-us,(direct),Direct,,,,,,,
2021-01-08,6053499357,Asia,India,desktop,Chrome,Chrome,Windows,en-us,(direct),Direct,,,,,,,
2020-11-20,6326291411,Americas,United States,desktop,Chrome,Safari,Web,,(organic),Organic Search,,,,,,,
2020-11-29,4231435915,Europe,Lithuania,desktop,Edge,Edge,Windows,en-ca,(direct),Direct,,,,,,,
